文件的类名,硬编码文字的行号,硬编码文字的说明,硬编码的文字,字符串常量建议（英文）
OnboardingScreen,108,页面配置警告日志,警告: Mobile Onboarding page $index 没有找到匹配的 pageType 或配置不完整，将显示默认内容。 Config: $config,mobileOnboardingPageConfigWarningLogFormat
OnboardingScreen,109,未知页面类型错误提示,未知页面类型或配置错误,unknownPageTypeOrConfigErrorMessage
OnboardingScreen,139,无标题默认文本,无标题,noTitleDefaultText
OnboardingScreen,245,下一步按钮文本,下一步,nextStepButton
MobileOnboardingController,59,用户许可协议页面标题,用户许可协议,eulaPageTitle
MobileOnboardingController,67,欢迎页面标题,欢迎使用 TradeFlex,welcomePageTitle
MobileOnboardingController,68,欢迎页面描述,开始记录和分析您的交易。,welcomePageDescription
MobileOnboardingController,74,跟踪交易页面标题,跟踪您的交易,trackTradesPageTitle
MobileOnboardingController,75,跟踪交易页面描述,轻松记录每一笔交易详情。,trackTradesPageDescription
MobileOnboardingController,81,分析表现页面标题,分析交易表现,analyzePerformancePageTitle
MobileOnboardingController,82,分析表现页面描述,深入了解您的交易策略。,analyzePerformancePageDescription
MobileOnboardingController,88,创建投资组合页面标题,创建投资组合,createPortfolioPageTitle
MobileOnboardingController,89,创建投资组合页面描述,设置您的第一个投资组合。,createPortfolioPageDescription
MobileOnboardingController,95,确认投资组合页面标题,确认您的投资组合,confirmPortfolioPageTitle
MobileOnboardingController,96,确认投资组合页面描述,检查所有设置。,confirmPortfolioPageDescription
MobileOnboardingController,131,加载费率模式失败日志,加载费率模式失败,loadFeeModesFailedLog
MobileOnboardingController,154,加载选中费率模式失败日志,加载选中费率模式失败 (ID: $id),loadSelectedFeeModeFailedLogFormat
MobileOnboardingController,184,请输入投资组合名称验证错误,请输入投资组合名称,pleaseEnterPortfolioNameValidationError
MobileOnboardingController,215,请输入投资组合名称页面切换验证,请输入投资组合名称,pleaseEnterPortfolioNamePageChangeValidation
MobileOnboardingController,234,请输入投资组合名称完成验证,请输入投资组合名称,pleaseEnterPortfolioNameCompletionValidation
MobileOnboardingController,267,创建投资组合错误日志,创建投资组合错误,createPortfolioErrorLog
MobileOnboardingController,280,请先设置投资组合名称提示,请先设置投资组合名称,pleaseSetPortfolioNameFirstHint
MobileOnboardingController,290,请输入投资组合名称创建验证,请输入投资组合名称,pleaseEnterPortfolioNameCreateValidation
MobileOnboardingController,301,加载费率模式失败创建日志,加载费率模式失败,loadFeeModesFailedCreateLog
MobileOnboardingController,325,创建投资组合错误创建日志,创建投资组合错误,createPortfolioErrorCreateLog
MobilePortfolioCreationPage,44,创建投资组合页面标题,创建投资组合,createPortfolioPageTitle
MobilePortfolioCreationPage,52,设置第一个投资组合描述,设置您的第一个投资组合,setupFirstPortfolioDescription
MobilePortfolioCreationPage,66,投资组合名称必填标签,投资组合名称 *,portfolioNameRequiredLabel
MobilePortfolioCreationPage,76,投资组合名称提示,例如：我的股票投资,portfolioNameHintExample
MobilePortfolioCreationPage,88,币种标签,币种,currencyLabel
MobilePortfolioCreationPage,127,投资类型标签,投资类型,investmentTypeLabel
MobilePortfolioCreationPage,158,交易方向标签,交易方向,tradingDirectionLabel
MobilePortfolioCreationPage,263,下一步按钮文本,下一步,nextStepButton
MobilePortfolioConfirmationPage,42,确认投资组合页面标题,确认投资组合,confirmPortfolioPageTitle
MobilePortfolioConfirmationPage,50,请确认投资组合设置描述,请确认您的投资组合设置,pleaseConfirmPortfolioSettingsDescription
MobilePortfolioConfirmationPage,83,投资组合信息分组标题,投资组合信息,portfolioInformationSectionTitle
MobilePortfolioConfirmationPage,93,名称信息行,名称,nameInfoRow
MobilePortfolioConfirmationPage,93,未设置默认值,未设置,notSetDefaultValue
MobilePortfolioConfirmationPage,95,币种信息行,币种,currencyInfoRow
MobilePortfolioConfirmationPage,97,投资类型信息行,投资类型,investmentTypeInfoRow
MobilePortfolioConfirmationPage,99,交易方向信息行,交易方向,tradingDirectionInfoRow
MobilePortfolioConfirmationPage,127,创建后可修改提示,创建后您可以随时在设置中修改这些信息,canModifyAfterCreationHint
MobilePortfolioConfirmationPage,229,创建投资组合按钮文本,创建投资组合,createPortfolioButton
MobileEulaPage,36,用户许可协议标题,用户许可协议,eulaPageTitle
MobileEulaPage,71,重要提示标题,重要提示：,importantNoticeTitle
MobileEulaPage,76,协议约束说明,在使用本软件（以下简称"本软件"）之前，请您仔细阅读并理解本协议的全部内容。一旦您下载、安装、复制或以其他方式使用本软件，即表示您同意受本协议的约束。,agreementBindingDescription
MobileEulaPage,81,接受条款标题,1. 接受条款,acceptTermsTitle
MobileEulaPage,82,接受条款内容,通过下载、安装或使用Trade Flex应用程序，您同意受本协议条款的约束。如果您不同意这些条款，请不要使用本应用程序。,acceptTermsContent
MobileEulaPage,84,应用程序描述标题,2. 应用程序描述,applicationDescriptionTitle
MobileEulaPage,85,应用程序描述内容,Trade Flex是一款交易日记应用程序，旨在帮助用户记录、跟踪和分析他们的投资交易。本应用程序仅供个人使用。,applicationDescriptionContent
MobileEulaPage,87,数据隐私标题,3. 数据隐私,dataPrivacyTitle
MobileEulaPage,88,数据隐私内容,我们重视您的隐私。您的交易数据将存储在您的设备上，我们不会收集或传输您的个人交易信息到我们的服务器。,dataPrivacyContent
MobileEulaPage,90,免责声明标题,4. 免责声明,disclaimerTitle
MobileEulaPage,91,免责声明内容,本应用程序提供的信息仅供参考，不构成投资建议。投资有风险，您应该根据自己的判断做出投资决策。,disclaimerContent
MobileEulaPage,93,使用限制标题,5. 使用限制,usageLimitationsTitle
MobileEulaPage,94,使用限制内容,您同意不会将本应用程序用于任何非法目的，也不会以任何可能损害、禁用、过载或损害应用程序的方式使用。,usageLimitationsContent
MobileEulaPage,96,更新和修改标题,6. 更新和修改,updatesAndModificationsTitle
MobileEulaPage,97,更新和修改内容,我们保留随时修改本协议的权利。任何修改将在应用程序中发布，继续使用应用程序即表示您接受修改后的条款。,updatesAndModificationsContent
MobileEulaPage,101,协议接受说明,您一旦点击"我已阅读并同意上述协议"或实际使用本软件，即视为已阅读、理解并同意接受本协议的全部条款。,agreementAcceptanceDescription
MobileEulaPage,126,我已阅读并同意按钮,我已阅读并同意上述协议,iHaveReadAndAgreeButton
MobileWelcomePageContent,33,记录交易功能标题,记录交易,recordTradesFeatureTitle
MobileWelcomePageContent,34,记录交易功能描述,轻松记录每一笔交易的详细信息,recordTradesFeatureDescription
MobileWelcomePageContent,41,分析表现功能标题,分析表现,analyzePerformanceFeatureTitle
MobileWelcomePageContent,42,分析表现功能描述,深入分析您的交易策略和收益,analyzePerformanceFeatureDescription
MobileWelcomePageContent,49,获得洞察功能标题,获得洞察,gainInsightsFeatureTitle
MobileWelcomePageContent,50,获得洞察功能描述,发现交易模式，提升投资技能,gainInsightsFeatureDescription
MobileTrackTradesPageContent,33,快速记录功能标题,快速记录,quickRecordFeatureTitle
MobileTrackTradesPageContent,34,快速记录功能描述,一键添加买入和卖出交易,quickRecordFeatureDescription
MobileTrackTradesPageContent,42,详细信息功能标题,详细信息,detailedInfoFeatureTitle
MobileTrackTradesPageContent,43,详细信息功能描述,记录价格、数量、手续费等,detailedInfoFeatureDescription
MobileTrackTradesPageContent,51,交易历史功能标题,交易历史,tradingHistoryFeatureTitle
MobileTrackTradesPageContent,52,交易历史功能描述,查看完整的交易记录,tradingHistoryFeatureDescription
MobileAnalyzePerformancePageContent,36,收益率功能标题,收益率,returnRateFeatureTitle
MobileAnalyzePerformancePageContent,37,收益率功能描述,实时计算投资回报,returnRateFeatureDescription
MobileAnalyzePerformancePageContent,46,资产分布功能标题,资产分布,assetDistributionFeatureTitle
MobileAnalyzePerformancePageContent,47,资产分布功能描述,可视化投资组合,assetDistributionFeatureDescription
MobileAnalyzePerformancePageContent,61,趋势分析功能标题,趋势分析,trendAnalysisFeatureTitle
MobileAnalyzePerformancePageContent,62,趋势分析功能描述,发现交易模式,trendAnalysisFeatureDescription
MobileAnalyzePerformancePageContent,71,风险评估功能标题,风险评估,riskAssessmentFeatureTitle
MobileAnalyzePerformancePageContent,72,风险评估功能描述,管理投资风险,riskAssessmentFeatureDescription